-- V10__seed_reference_data.sql

-- Roles
INSERT INTO roles (id, code, name, description) VALUES
('00000000-0000-0000-0000-000000000001', 'CUSTOMER', 'Customer', 'Insurance customer'),
('00000000-0000-0000-0000-000000000002', 'CASE_MANAGER', 'Case Manager', 'Internal case manager'),
('00000000-0000-0000-0000-000000000003', 'SURVEYOR', 'Surveyor', 'Damage surveyor'),
('00000000-0000-0000-0000-000000000004', 'ADJUSTOR', 'Adjustor', 'Claim adjustor'),
('00000000-0000-0000-0000-000000000005', 'WORKSHOP_USER', 'Workshop User', 'Partner workshop user'),
('00000000-0000-0000-0000-000000000006', 'AUDITOR', 'Auditor', 'Audit user'),
('00000000-0000-0000-0000-000000000007', 'REGIONAL_MANAGER', 'Regional Manager', 'Regional reporting user'),
('00000000-0000-0000-0000-000000000008', 'ADMIN', 'Admin', 'System administrator');

-- Permissions
INSERT INTO permissions (id, code, name, description) VALUES
('10000000-0000-0000-0000-000000000001', 'CLAIM_CREATE', 'Create Claim', 'Create new claim'),
('10000000-0000-0000-0000-000000000002', 'CLAIM_VIEW_SELF', 'View Own Claims', 'View own customer claims'),
('10000000-0000-0000-0000-000000000003', 'CLAIM_VIEW_ASSIGNED', 'View Assigned Claims', 'View claims assigned to user'),
('10000000-0000-0000-0000-000000000004', 'CLAIM_VIEW_ALL', 'View All Claims', 'View all claims'),
('10000000-0000-0000-0000-000000000005', 'CLAIM_ASSIGN', 'Assign Claim', 'Assign claim'),
('10000000-0000-0000-0000-000000000006', 'CLAIM_REASSIGN', 'Reassign Claim', 'Reassign claim'),
('10000000-0000-0000-0000-000000000007', 'CLAIM_STATUS_UPDATE', 'Update Claim Status', 'Update claim status'),
('10000000-0000-0000-0000-000000000008', 'SURVEY_VIEW_ASSIGNED', 'View Survey Assigned', 'View assigned survey claims'),
('10000000-0000-0000-0000-000000000009', 'SURVEY_SUBMIT', 'Submit Survey', 'Submit survey report'),
('10000000-0000-0000-0000-000000000010', 'ADJUDICATION_VIEW_ASSIGNED', 'View Adjudication Assigned', 'View assigned adjudication claims'),
('10000000-0000-0000-0000-000000000011', 'ADJUDICATION_APPROVE', 'Approve Claim', 'Approve claim'),
('10000000-0000-0000-0000-000000000012', 'ADJUDICATION_REJECT', 'Reject Claim', 'Reject claim'),
('10000000-0000-0000-0000-000000000013', 'WORKSHOP_SELECT', 'Select Workshop', 'Select workshop'),
('10000000-0000-0000-0000-000000000014', 'WORKSHOP_VIEW_ASSIGNED', 'View Workshop Claims', 'View workshop assigned claims'),
('10000000-0000-0000-0000-000000000015', 'WORKSHOP_UPDATE', 'Update Workshop Claim', 'Update repair status'),
('10000000-0000-0000-0000-000000000016', 'DOCUMENT_UPLOAD', 'Upload Document', 'Upload document'),
('10000000-0000-0000-0000-000000000017', 'DOCUMENT_VIEW', 'View Document', 'View/download document'),
('10000000-0000-0000-0000-000000000018', 'DOCUMENT_DELETE', 'Delete Document', 'Delete document'),
('10000000-0000-0000-0000-000000000019', 'PAYMENT_INITIATE', 'Initiate Payment', 'Initiate payment'),
('10000000-0000-0000-0000-000000000020', 'PAYMENT_COMPLETE', 'Complete Payment', 'Complete payment'),
('10000000-0000-0000-0000-000000000021', 'NOTIFICATION_VIEW', 'View Notifications', 'View notifications'),
('10000000-0000-0000-0000-000000000022', 'REPORT_VIEW', 'View Reports', 'View reports'),
('10000000-0000-0000-0000-000000000023', 'AUDIT_VIEW', 'View Audit', 'View audit logs'),
('10000000-0000-0000-0000-000000000024', 'ADMIN_MANAGE_USERS', 'Manage Users', 'Manage users'),
('10000000-0000-0000-0000-000000000025', 'ADMIN_MANAGE_ROLES', 'Manage Roles', 'Manage roles');

-- Role to Permission Mappings
-- CUSTOMER
INSERT INTO role_permissions (role_id, permission_id) VALUES
('00000000-0000-0000-0000-000000000001', '10000000-0000-0000-0000-000000000001'),
('00000000-0000-0000-0000-000000000001', '10000000-0000-0000-0000-000000000002'),
('00000000-0000-0000-0000-000000000001', '10000000-0000-0000-0000-000000000013'),
('00000000-0000-0000-0000-000000000001', '10000000-0000-0000-0000-000000000016'),
('00000000-0000-0000-0000-000000000001', '10000000-0000-0000-0000-000000000017'),
('00000000-0000-0000-0000-000000000001', '10000000-0000-0000-0000-000000000019'),
('00000000-0000-0000-0000-000000000001', '10000000-0000-0000-0000-000000000020'),
('00000000-0000-0000-0000-000000000001', '10000000-0000-0000-0000-000000000021');

-- CASE_MANAGER
INSERT INTO role_permissions (role_id, permission_id) VALUES
('00000000-0000-0000-0000-000000000002', '10000000-0000-0000-0000-000000000003'),
('00000000-0000-0000-0000-000000000002', '10000000-0000-0000-0000-000000000004'),
('00000000-0000-0000-0000-000000000002', '10000000-0000-0000-0000-000000000005'),
('00000000-0000-0000-0000-000000000002', '10000000-0000-0000-0000-000000000006'),
('00000000-0000-0000-0000-000000000002', '10000000-0000-0000-0000-000000000007'),
('00000000-0000-0000-0000-000000000002', '10000000-0000-0000-0000-000000000017'),
('00000000-0000-0000-0000-000000000002', '10000000-0000-0000-0000-000000000022');

-- SURVEYOR
INSERT INTO role_permissions (role_id, permission_id) VALUES
('00000000-0000-0000-0000-000000000003', '10000000-0000-0000-0000-000000000003'),
('00000000-0000-0000-0000-000000000003', '10000000-0000-0000-0000-000000000008'),
('00000000-0000-0000-0000-000000000003', '10000000-0000-0000-0000-000000000009'),
('00000000-0000-0000-0000-000000000003', '10000000-0000-0000-0000-000000000016'),
('00000000-0000-0000-0000-000000000003', '10000000-0000-0000-0000-000000000017');

-- ADJUSTOR
INSERT INTO role_permissions (role_id, permission_id) VALUES
('00000000-0000-0000-0000-000000000004', '10000000-0000-0000-0000-000000000003'),
('00000000-0000-0000-0000-000000000004', '10000000-0000-0000-0000-000000000010'),
('00000000-0000-0000-0000-000000000004', '10000000-0000-0000-0000-000000000011'),
('00000000-0000-0000-0000-000000000004', '10000000-0000-0000-0000-000000000012'),
('00000000-0000-0000-0000-000000000004', '10000000-0000-0000-0000-000000000017');

-- WORKSHOP_USER
INSERT INTO role_permissions (role_id, permission_id) VALUES
('00000000-0000-0000-0000-000000000005', '10000000-0000-0000-0000-000000000014'),
('00000000-0000-0000-0000-000000000005', '10000000-0000-0000-0000-000000000015'),
('00000000-0000-0000-0000-000000000005', '10000000-0000-0000-0000-000000000016'),
('00000000-0000-0000-0000-000000000005', '10000000-0000-0000-0000-000000000017');

-- AUDITOR
INSERT INTO role_permissions (role_id, permission_id) VALUES
('00000000-0000-0000-0000-000000000006', '10000000-0000-0000-0000-000000000004'),
('00000000-0000-0000-0000-000000000006', '10000000-0000-0000-0000-000000000017'),
('00000000-0000-0000-0000-000000000006', '10000000-0000-0000-0000-000000000023'),
('00000000-0000-0000-0000-000000000006', '10000000-0000-0000-0000-000000000022');

-- REGIONAL_MANAGER
INSERT INTO role_permissions (role_id, permission_id) VALUES
('00000000-0000-0000-0000-000000000007', '10000000-0000-0000-0000-000000000004'),
('00000000-0000-0000-0000-000000000007', '10000000-0000-0000-0000-000000000022');

-- ADMIN - all permissions
INSERT INTO role_permissions (role_id, permission_id)
SELECT '00000000-0000-0000-0000-000000000008', id FROM permissions;

-- Regions
INSERT INTO regions (id, code, name) VALUES
('20000000-0000-0000-0000-000000000001', 'NE', 'Northeast'),
('20000000-0000-0000-0000-000000000002', 'MW', 'Midwest'),
('20000000-0000-0000-0000-000000000003', 'SO', 'South'),
('20000000-0000-0000-0000-000000000004', 'WE', 'West');

-- Service Areas
INSERT INTO service_areas (id, region_id, zip_code) VALUES
('21000000-0000-0000-0000-000000000001', '20000000-0000-0000-0000-000000000001', '10001'),
('21000000-0000-0000-0000-000000000002', '20000000-0000-0000-0000-000000000001', '10002');

-- Workshops
INSERT INTO workshops (id, name, partner_code, address_line1, city, state, zip_code, phone, email) VALUES
('30000000-0000-0000-0000-000000000001', 'Partner Auto Repair NYC', 'WS-NYC-001', '100 Repair Ave', 'New York', 'NY', '10001', '+12025550888', 'nyc-workshop@ycompany.com'),
('30000000-0000-0000-0000-000000000002', 'FastFix Collision Center', 'WS-NYC-002', '200 Service Road', 'New York', 'NY', '10002', '+12025550999', 'fastfix@ycompany.com');

